{
    "session": [
        {
            "1652711128.3645344": {
                "global_loss": 0.7192336320877075,
                "global_accuracy": 0.4444444477558136
            }
        }

    ]
}